{
    "r2_score": 0.711278693732399,
    "mean_absolute_error": 0.6983630479211317,
    "rmse": 1.596744334772238
}
